mirna_idx,mirna_seq,bind_label,n_samples,n_valid,pct_valid,mean_nearest_tanimoto,median_nearest_tanimoto,temperature,top_k,top_p
0,UGAUAUGUCUGGUAUUCUUGGGUU,1,10,3,30.0,0.15476190476190477,0.125,0.9,30,0.9
1,UGAGAUCAUUAGUUGAAAGCCGA,1,10,4,40.0,0.15441176470588236,0.16596638655462184,0.9,30,0.9
2,UAAGGCACGCGGUGAAUGCCAA,1,10,2,20.0,0.29411764705882354,0.29411764705882354,0.9,30,0.9
3,UCCCUGAGACCCUAACUUGUGA,1,10,6,60.0,0.3126750700280112,0.34243697478991597,0.9,30,0.9
4,UGAGAUGAAGCACUGUAGCUC,1,10,4,40.0,0.16596638655462184,0.16596638655462184,0.9,30,0.9
